{
  "instances_ys_mss ID0": {
        "state_s": [1.0809931218390707, 0.0, -0.20235953267405354, 0.0, -0.19895001215078018, 0.0, 1.0],
        "period_s": 2.353867041754664,
        "state_f": [1.1648780946517576, 0.0, -0.11145303634437023, 0.0, -0.20191923237095796, 0.0, 1.0],
        "period_f": 3.3031221822879884,
        "max_thrust": 0.3010999584011414,
        "veff": 11.56499372183432,
        "mu_cr3bp": 0.01215058560962404
    },
    "instances_ys_mss ID1": {
        "state_s": [1.1648780946517576, 0.0, -0.11145303634437023, 0.0, -0.20191923237095796, 0.0, 1.0],
        "period_s": 3.3031221822879884,
        "state_f": [0.8241716997696729, 0.0, 0.05763660825010655, 0.0, 0.1681906215591753, 0.0, 1.0],
        "period_f": 2.7629516051826917,
        "max_thrust": 0.3010999584011414,
        "veff": 11.56499372183432,
        "mu_cr3bp": 0.01215058560962404
    },
    "instances_ys_mss ID2": {
        "state_s": [1.1648780946517576, 0.0, -0.11145303634437023, 0.0, -0.20191923237095796, 0.0, 1.0],
        "period_s": 3.3031221822879884,
        "state_f": [0.487849413449431, 0.7083460764009891, 0.05763660825010655, -0.18484992103853196, 0.13442141989974338, 0.0, 1.0],
        "period_f": 21.763511728420593,
        "max_thrust": 0.3010999584011414,
        "veff": 11.56499372183432,
        "mu_cr3bp": 0.01215058560962404
    },
    "instances_ys_mss ID3": {
        "state_s": [1.1648780946517576, 0.0, -0.11145303634437023, 0.0, -0.20191923237095796, 0.0, 1.0],
        "period_s": 3.3031221822879884,
        "state_f": [0.898335354870926, 0.0, 0.0, 0.0, 0.4759116861682023, 0.0, 1.0],
        "period_f": 1.3094025367443127,
        "max_thrust": 3.7637494800142672,
        "veff": 11.56499372183432,
        "mu_cr3bp": 0.01215058560962404
    },
    "instances_lb ID0": {
        "state_s": [0.8289927126704472, 0.0, 0.0, 0.0, 0.49493397729663385, 0.0, 1.0],
        "period_s": 2.7344101432096957,
        "state_f": [0.9874079705990192, 0.0, 0.007982737804477584, 0.0, 1.7156354443017166, 0.0, 1.0],
        "period_f": 1.496072446248134,
        "max_thrust": 3.0,
        "veff": 10.0,
        "mu_cr3bp": 0.01215058560962404
    },
    "instances_lb ID1": {
        "state_s": [1.0562998533668908, 0.0, -0.09775735798493242, 0.0, 0.1972499363195938, 0.0, 1.0],
        "period_s": 5.548183739297772,
        "state_f": [0.987849414390376, 0.0, -0.1120603015075377, 0.0, -0.3544347652963541, 0.0, 1.0],
        "period_f": 6.730744346595289,
        "max_thrust": 0.2,
        "veff": 10.0,
        "mu_cr3bp": 0.01215058560962404
    },
    "instances_lb ID2": {
        "state_s": [-0.491720532742767, 0.0, 0.0, 0.0, 2.262192326298561, 0.0, 1.0],
        "period_s": 2.0823679645508286,
        "state_f": [1.0313041882597227, 0.0, -0.07526587617312495, 0.0, 0.11815495591804813, 0.0, 1.0],
        "period_f": 5.267301553467809,
        "max_thrust": 1.0,
        "veff": 10.0,
        "mu_cr3bp": 0.01215058560962404
    },
    "instances_lb ID3": {
        "state_s": [0.03694774113818046, 0.0, 0.0, 0.0, 6.16843737391734, 0.0, 1.0],
        "period_s": 6.3035895495837275,
        "state_f": [1.0721132334858534, 0.0, -0.1459492159131594, 0.0, -0.019399962437568148, 0.0, 1.0],
        "period_f": 3.896296761190737,
        "max_thrust": 0.25,
        "veff": 10.0,
        "mu_cr3bp": 0.01215058560962404
    },
    "instances_lb ID4": {
        "state_s": [1.0744342525276502, 0.0, 0.14463388243408795, 0.0, -0.01557378854434334, 0.0, 1.0],
        "period_s": 3.9375348942471486,
        "state_f": [0.952322488270429, 0.0, 0.16015476201491805, 0.0, -0.04882175484437179, 0.0, 1.0],
        "period_f": 6.631545368584749,
        "max_thrust": 0.04,
        "veff": 10.0,
        "mu_cr3bp": 0.01215058560962404
    },
    "instances_lb ID5": {
        "state_s": [0.9036349631870989, 0.0, 0.1332604933812195, 0.0, -0.029914527430732987, 0.0, 1.0],
        "period_s": 4.007751945618002,
        "state_f": [0.9052576083960429, 0.0, 0.1424340841179909, 0.0, 0.2847582444598834, 0.0, 1.0],
        "period_f": 6.567662335106302,
        "max_thrust": 0.05,
        "veff": 10.0,
        "mu_cr3bp": 0.01215058560962404
    },
    "instances_lb ID6": {
        "state_s": [-1.6740479439595235, 0.28393321518884523, 0.0, 0.0, 1.357459865451631, 0.0, 1.0],
        "period_s": 6.31261044562427,
        "state_f": [-0.33869059387947237, 0.9450664116437081, 0.0, 1.6286486509181213, 0.5745382254699614, 0.6847116944110847, 1.0],
        "period_f": 6.310546686637988,
        "max_thrust": 0.15,
        "veff": 10.0,
        "mu_cr3bp": 0.01215058560962404
    },
    "instances_lb ID7": {
        "state_s": [0.9930292301781378, 0.0, 0.04611015565352394, 0.0, 0.6768221764145949, 0.0, 1.0],
        "period_s": 2.405005283497047,
        "state_f": [0.9901291947070835, 0.0, 0.03894558008205561, 0.0, 0.7463912928195284, 0.0, 1.0],
        "period_f": 2.255802077194297,
        "max_thrust": 0.2,
        "veff": 10.0,
        "mu_cr3bp": 0.01215058560962404
    }
}